orderFulfillmentId,created,modified,orderId,merchantId
b47b7410-cedf-458a-87fc-f03386559114,31/01/2017 08:30,31/01/2017 08:30,0720c72e-81d9-4fff-a43b-abba6d613fc2,11464b32-7c75-4571-b2dd-af576bd877d0
651d8550-32c3-48c0-9d16-16844c8768d7,21/06/2017 15:45,21/06/2017 15:45,381afed1-699f-4325-8a71-96303f272180,1b1d70b4-00ad-430e-a08d-75c730c0c3f4
e2c61118-9592-48a4-a792-911e6b47985d,06/07/2017 10:00,06/07/2017 10:00,57055afb-3488-4a7d-8fff-5270c79d0e34,8593b9a7-771d-4ef1-8dc0-749dd8810e1e
e1cd7530-5c03-4eae-a077-fe0fd7944e38,17/03/2017 07:00,17/03/2017 07:00,a3e290a4-9212-4467-a970-48f600466896,756ffd17-c169-4340-a6c7-7ecca3e70032
08c46d78-c4f2-45e8-a77b-a2bed9124236,31/01/2017 08:30,31/01/2017 08:30,21840aa8-333f-44f0-94fb-3485ff01c1d1,63c24dd9-756b-4339-b5ed-30ce8df75248
07fd18fb-85cb-46e0-9522-2a4e578b782e,11/04/2017 07:00,11/04/2017 07:00,fd954a45-5638-47ac-9ce9-03e94ebb788f,71a5909a-c7c8-45b4-9702-7355884cf717
b5f21bf1-46ed-4264-a81c-2a672ec50c4e,06/07/2017 10:00,06/07/2017 10:00,456657e3-4e0c-4c75-8e0d-7a77cef6415a,3217aa1d-51f9-422b-ae0e-fb4ce853c6ed
029211d4-20a1-4ac1-847e-71dc96b240b2,31/01/2017 08:30,31/01/2017 08:30,09b86ade-3145-489d-a76e-cd97117458bc,e6a3dffd-e1b8-4221-8d74-ff3dee7de702
b0a11c3b-3693-4a9b-a7b0-414f64c65f45,01/06/2017 07:00,01/06/2017 07:00,bcc1376a-70c7-43f7-af35-c8b934f76640,e48e52b0-161c-468d-bb5d-8335485b0b45
241abe78-27dc-468f-b63d-d5bc199eb118,25/01/2017 07:00,25/01/2017 07:00,8d40b17d-8cab-4407-b279-bab7273af9d4,9f3e6c3b-5600-4186-825d-7265eda96c95
